,ID,ANO,MÊS,TIPO DE ENSINO,SERVIÇO,CADUM,LOTE,VALOR UNITÁRIO,QUANTIDADE,VALOR TOTAL,QUANTIDADE_60,QUANTIDADE_40,VALOR_60,VALOR_40
0,1,2023,12,FUNDAMENTAL,LANCHE I (Manhã),33077,1,4.11,145460,597840.6,87276.0,58184.0,358704.36,239136.24
1,2,2023,12,FUNDAMENTAL,LANCHE I (Tarde),33077,1,4.11,146680,602854.8,88008.0,58672.0,361712.88,241141.92
2,3,2023,12,FUNDAMENTAL,LANCHE II (Manhã),33078,1,4.13,22615,93399.95,13569.0,9046.0,56039.97,37359.98
3,4,2023,12,FUNDAMENTAL,LANCHE II (Tarde),33078,1,4.13,22363,92359.19,13417.8,8945.2,55415.51,36943.68
4,5,2023,12,FUNDAMENTAL,LANCHE II (Manhã/não-PNAE),33078,1,4.13,3742,15454.46,2245.2,1496.8,9272.68,6181.78
5,6,2023,12,FUNDAMENTAL,LANCHE II (Tarde/não-PNAE),33078,1,4.13,2637,10890.81,1582.2,1054.8,6534.49,4356.32
6,7,2023,12,FUNDAMENTAL,LANCHE IV (Noite/não-PNAE) ,33080,1,4.77,1700,8109.0,1020.0,680.0,4865.4,3243.6
7,8,2023,12,FUNDAMENTAL,LANCHE II (Noite II/não-PNAE) ,33078,1,4.13,570,2354.1,342.0,228.0,1412.46,941.64
8,9,2023,12,EJA,LANCHE IV (Noite) ,33080,1,4.77,21653,103284.81,12991.8,8661.2,61970.89,41313.92
9,10,2023,12,ESCOLA INTEGRAL,LANCHE II (M),33078,1,4.13,2092,8639.96,1255.2,836.8,5183.98,3455.98
10,11,2023,12,ESCOLA INTEGRAL,LANCHE II (T),33078,1,4.13,2052,8474.76,1231.2,820.8,5084.86,3389.9
11,12,2023,12,ESCOLA INTEGRAL,LANCHE IV (M),33080,1,4.77,29531,140862.87,17718.6,11812.4,84517.72,56345.15
12,13,2023,12,ESCOLA INTEGRAL,LANCHE IV (T),33080,1,4.77,28967,138172.59,17380.2,11586.8,82903.55,55269.04
13,14,2023,12,ESCOLA INTEGRAL,LANCHE V (Almoço) ,33081,1,5.18,34868,180616.24,20920.8,13947.2,108369.74,72246.5
14,15,2023,12,CRECHES,LANCHE VII (Café da Manhã),33094,1,4.06,8115,32946.9,4869.0,3246.0,19768.14,13178.76
15,16,2023,12,CRECHES,LANCHE VIII (Lanche Manhã),33095,1,4.1,9165,37576.5,5499.0,3666.0,22545.9,15030.6
16,17,2023,12,CRECHES,LANCHE IX (Almoço),33096,1,4.88,9165,44725.2,5499.0,3666.0,26835.12,17890.08
17,18,2023,12,CRECHES,LANCHE VIII (Lanche Tarde),33095,1,4.1,9255,37945.5,5553.0,3702.0,22767.3,15178.2
18,19,2023,12,CRECHES,LANCHE X (Jantar),33097,1,4.29,9255,39703.95,5553.0,3702.0,23822.37,15881.58
19,20,2023,12,CRECHES,LANCHE XI (Berçário),33098,1,4.91,240,1178.4,144.0,96.0,707.04,471.36
20,21,2023,11,FUNDAMENTAL,LANCHE I (Manhã),33077,1,4.11,200540,824219.4,120324.0,80216.0,494531.64,329687.76
21,22,2023,11,FUNDAMENTAL,LANCHE I (Tarde),33077,1,4.11,202153,830848.83,121292.0,80861.0,498509.3,332339.53
22,23,2023,11,FUNDAMENTAL,LANCHE II (Manhã),33078,1,4.13,29394,121397.22,17636.0,11758.0,72838.33,48558.89
23,24,2023,11,FUNDAMENTAL,LANCHE II (Tarde),33078,1,4.13,29773,122962.49,17864.0,11909.0,73777.49,49185.0
24,25,2023,11,FUNDAMENTAL,LANCHE II (Manhã/não-PNAE),33078,1,4.13,6166,25465.58,3700.0,2466.0,15279.35,10186.23
25,26,2023,11,FUNDAMENTAL,LANCHE II (Tarde/não-PNAE),33078,1,4.13,4646,19187.98,2788.0,1858.0,11512.79,7675.19
26,27,2023,11,FUNDAMENTAL,LANCHE IV (Noite/não-PNAE) ,33080,1,4.77,4100,19557.0,2460.0,1640.0,11734.2,7822.8
27,28,2023,11,FUNDAMENTAL,LANCHE II (Noite II/não-PNAE) ,33078,1,4.13,960,3964.8,576.0,384.0,2378.88,1585.92
28,29,2023,11,EJA,LANCHE IV (Noite) ,33080,1,4.77,29290,139713.3,17574.0,11716.0,83827.98,55885.32
29,30,2023,11,ESCOLA INTEGRAL,LANCHE II (M),33078,1,4.13,3059,12633.67,1835.0,1224.0,7580.2,5053.47
30,31,2023,11,ESCOLA INTEGRAL,LANCHE II (T),33078,1,4.13,3059,12633.67,1835.0,1224.0,7580.2,5053.47
31,32,2023,11,ESCOLA INTEGRAL,LANCHE IV (M),33080,1,4.77,43138,205768.26,25883.0,17255.0,123460.96,82307.3
32,33,2023,11,ESCOLA INTEGRAL,LANCHE IV (T),33080,1,4.77,42249,201527.73,25349.0,16900.0,120916.64,80611.09
33,34,2023,11,ESCOLA INTEGRAL,LANCHE V (Almoço) ,33081,1,5.18,50784,263061.12,30470.0,20314.0,157836.67,105224.45
34,35,2023,11,CRECHES,LANCHE VII (Café da Manhã),33094,1,4.06,10237,41562.22,6142.0,4095.0,24937.33,16624.89
35,36,2023,11,CRECHES,LANCHE VIII (Lanche Manhã),33095,1,4.1,11567,47424.7,6940.0,4627.0,28454.82,18969.88
36,37,2023,11,CRECHES,LANCHE IX (Almoço),33096,1,4.88,11612,56666.56,6967.0,4645.0,33999.94,22666.62
37,38,2023,11,CRECHES,LANCHE VIII (Lanche Tarde),33095,1,4.1,11681,47892.1,7009.0,4672.0,28735.26,19156.84
38,39,2023,11,CRECHES,LANCHE X (Jantar),33097,1,4.29,11681,50111.49,7009.0,4672.0,30066.89,20044.6
39,40,2023,11,CRECHES,LANCHE XI (Berçário),33098,1,4.91,304,1492.64,182.0,122.0,895.58,597.06
40,41,2023,10,FUNDAMENTAL,LANCHE I (Manhã),33077,1,4.11,202894,833894.34,121736.0,81158.0,500336.6,333557.74
41,42,2023,10,FUNDAMENTAL,LANCHE I (Tarde),33077,1,4.11,204633,841041.63,122780.0,81853.0,504624.98,336416.65
42,43,2023,10,FUNDAMENTAL,LANCHE II (Manhã),33078,1,4.13,30082,124238.66,18049.0,12033.0,74543.2,49695.46
43,44,2023,10,FUNDAMENTAL,LANCHE II (Tarde),33078,1,4.13,30445,125737.85,18267.0,12178.0,75442.71,50295.14
44,45,2023,10,FUNDAMENTAL,LANCHE II (Manhã/não-PNAE),33078,1,4.13,4984,20583.92,2990.0,1994.0,12350.35,8233.57
45,46,2023,10,FUNDAMENTAL,LANCHE II (Tarde/não-PNAE),33078,1,4.13,3781,15615.53,2269.0,1512.0,9369.32,6246.21
46,47,2023,10,FUNDAMENTAL,LANCHE IV (Noite/não-PNAE) ,33080,1,4.77,3200,15264.0,1920.0,1280.0,9158.4,6105.6
47,48,2023,10,FUNDAMENTAL,LANCHE II (Noite II/não-PNAE) ,33078,1,4.13,725,2994.25,435.0,290.0,1796.55,1197.7
48,49,2023,10,EJA,LANCHE IV (Noite) ,33080,1,4.77,29882,142537.14,17929.0,11953.0,85522.28,57014.86
49,50,2023,10,ESCOLA INTEGRAL,LANCHE II (M),33078,1,4.13,3115,12864.95,1869.0,1246.0,7718.97,5145.98
50,51,2023,10,ESCOLA INTEGRAL,LANCHE II (T),33078,1,4.13,2625,10841.25,1575.0,1050.0,6504.75,4336.5
51,52,2023,10,ESCOLA INTEGRAL,LANCHE IV (M),33080,1,4.77,45924,219057.48,27554.0,18370.0,131434.49,87622.99
52,53,2023,10,ESCOLA INTEGRAL,LANCHE IV (T),33080,1,4.77,44318,211396.86,26591.0,17727.0,126838.12,84558.74
53,54,2023,10,ESCOLA INTEGRAL,LANCHE V (Almoço) ,33081,1,5.18,50185,259958.3,30111.0,20074.0,155974.98,103983.32
54,55,2023,10,CRECHES,LANCHE VII (Café da Manhã),33094,1,4.06,10181,41334.86,6109.0,4072.0,24800.92,16533.94
55,56,2023,10,CRECHES,LANCHE VIII (Lanche Manhã),33095,1,4.1,11511,47195.1,6907.0,4604.0,28317.06,18878.04
56,57,2023,10,CRECHES,LANCHE IX (Almoço),33096,1,4.88,11466,55954.08,6880.0,4586.0,33572.45,22381.63
57,58,2023,10,CRECHES,LANCHE VIII (Lanche Tarde),33095,1,4.1,11625,47662.5,6975.0,4650.0,28597.5,19065.0
58,59,2023,10,CRECHES,LANCHE X (Jantar),33097,1,4.29,11625,49871.25,6975.0,4650.0,29922.75,19948.5
59,60,2023,10,CRECHES,LANCHE XI (Berçário),33098,1,4.91,304,1492.64,182.0,122.0,895.58,597.06
60,61,2023,9,FUNDAMENTAL,LANCHE I (Manhã),33077,1,4.11,202342,831625.62,121405.0,80937.0,498975.37,332650.25
61,62,2023,9,FUNDAMENTAL,LANCHE I (Tarde),33077,1,4.11,203668,837075.48,122201.0,81467.0,502245.29,334830.19
62,63,2023,9,FUNDAMENTAL,LANCHE II (Manhã),33078,1,4.13,32970,136166.1,19782.0,13188.0,81699.66,54466.44
63,64,2023,9,FUNDAMENTAL,LANCHE II (Tarde),33078,1,4.13,31868,131614.84,19121.0,12747.0,78968.9,52645.94
64,65,2023,9,FUNDAMENTAL,LANCHE II (Manhã/não-PNAE),33078,1,4.13,4764,19675.32,2858.0,1906.0,11805.19,7870.13
65,66,2023,9,FUNDAMENTAL,LANCHE II (Tarde/não-PNAE),33078,1,4.13,3550,14661.5,2130.0,1420.0,8796.9,5864.6
66,67,2023,9,FUNDAMENTAL,LANCHE IV (Noite/não-PNAE) ,33080,1,4.77,3116,14863.32,1870.0,1246.0,8917.99,5945.33
67,68,2023,9,FUNDAMENTAL,LANCHE II (Noite II/não-PNAE) ,33078,1,4.13,710,2932.3,426.0,284.0,1759.38,1172.92
68,69,2023,9,EJA,LANCHE IV (Noite) ,33080,1,4.77,29693,141635.61,17816.0,11877.0,84981.37,56654.24
69,70,2023,9,ESCOLA INTEGRAL,LANCHE II (M),33078,1,4.13,3099,12798.87,1859.0,1240.0,7679.32,5119.55
70,71,2023,9,ESCOLA INTEGRAL,LANCHE II (T),33078,1,4.13,3059,12633.67,1835.0,1224.0,7580.2,5053.47
71,72,2023,9,ESCOLA INTEGRAL,LANCHE IV (M),33080,1,4.77,45517,217116.09,27310.0,18207.0,130269.65,86846.44
72,73,2023,9,ESCOLA INTEGRAL,LANCHE IV (T),33080,1,4.77,44798,213686.46,26879.0,17919.0,128211.88,85474.58
73,74,2023,9,ESCOLA INTEGRAL,LANCHE V (Almoço) ,33081,1,5.18,52626,272602.68,31576.0,21050.0,163561.61,109041.07
74,75,2023,9,CRECHES,LANCHE VII (Café da Manhã),33094,1,4.06,10142,41176.52,6085.0,4057.0,24705.91,16470.61
75,76,2023,9,CRECHES,LANCHE VIII (Lanche Manhã),33095,1,4.1,11472,47035.2,6883.0,4589.0,28221.12,18814.08
76,77,2023,9,CRECHES,LANCHE IX (Almoço),33096,1,4.88,11472,55983.36,6883.0,4589.0,33590.02,22393.34
77,78,2023,9,CRECHES,LANCHE VIII (Lanche Tarde),33095,1,4.1,11621,47646.1,6973.0,4648.0,28587.66,19058.44
78,79,2023,9,CRECHES,LANCHE X (Jantar),33097,1,4.29,11621,49854.09,6973.0,4648.0,29912.45,19941.64
79,80,2023,9,CRECHES,LANCHE XI (Berçário),33098,1,4.91,304,1492.64,182.0,122.0,895.58,597.06
80,81,2023,8,FUNDAMENTAL,LANCHE I (Manhã),33077,1,4.11,233089,957995.79,139853.0,93236.0,574797.47,383198.32
81,82,2023,8,FUNDAMENTAL,LANCHE I (Tarde),33077,1,4.11,245675,1009724.25,147405.0,98270.0,605834.55,403889.7
82,83,2023,8,FUNDAMENTAL,LANCHE II (Manhã),33078,1,4.13,35844,148035.72,21506.0,14338.0,88821.43,59214.29
83,84,2023,8,FUNDAMENTAL,LANCHE II (Tarde),33078,1,4.13,37246,153825.98,22348.0,14898.0,92295.59,61530.39
84,85,2023,8,FUNDAMENTAL,LANCHE II (Manhã/não-PNAE),33078,1,4.13,5194,21451.22,3116.0,2078.0,12870.73,8580.49
85,86,2023,8,FUNDAMENTAL,LANCHE II (Tarde/não-PNAE),33078,1,4.13,4425,18275.25,2655.0,1770.0,10965.15,7310.1
86,87,2023,8,FUNDAMENTAL,LANCHE IV (Noite/não-PNAE) ,33080,1,4.77,3702,17658.54,2221.0,1481.0,10595.12,7063.42
87,88,2023,8,FUNDAMENTAL,LANCHE II (Noite II/não-PNAE) ,33078,1,4.13,920,3799.6,552.0,368.0,2279.76,1519.84
88,89,2023,8,EJA,LANCHE IV (Noite) ,33080,1,4.77,35816,170842.32,21490.0,14326.0,102505.39,68336.93
89,90,2023,8,ESCOLA INTEGRAL,LANCHE II (M),33078,1,4.13,3542,14628.46,2125.0,1417.0,8777.08,5851.38
90,91,2023,8,ESCOLA INTEGRAL,LANCHE II (T),33078,1,4.13,3703,15293.39,2222.0,1481.0,9176.03,6117.36
91,92,2023,8,ESCOLA INTEGRAL,LANCHE IV (M),33080,1,4.77,52626,251026.02,31576.0,21050.0,150615.61,100410.41
92,93,2023,8,ESCOLA INTEGRAL,LANCHE IV (T),33080,1,4.77,51907,247596.39,31144.0,20763.0,148557.83,99038.56
93,94,2023,8,ESCOLA INTEGRAL,LANCHE V (Almoço) ,33081,1,5.18,61600,319088.0,36960.0,24640.0,191452.8,127635.2
94,95,2023,8,CRECHES,LANCHE VII (Café da Manhã),33094,1,4.06,9653,39191.18,5792.0,3861.0,23514.71,15676.47
95,96,2023,8,CRECHES,LANCHE VIII (Lanche Manhã),33095,1,4.1,11176,45821.6,6706.0,4470.0,27492.96,18328.64
96,97,2023,8,CRECHES,LANCHE IX (Almoço),33096,1,4.88,11646,56832.48,6988.0,4658.0,34099.49,22732.99
97,98,2023,8,CRECHES,LANCHE VIII (Lanche Tarde),33095,1,4.1,11916,48855.6,7150.0,4766.0,29313.36,19542.24
98,99,2023,8,CRECHES,LANCHE X (Jantar),33097,1,4.29,11868,50913.72,7121.0,4747.0,30548.23,20365.49
99,100,2023,8,CRECHES,LANCHE XI (Berçário),33098,1,4.91,299,1468.09,179.0,120.0,880.85,587.24
100,101,2023,7,FUNDAMENTAL,LANCHE I (Manhã),33077,1,4.11,83674,343900.14,50204.0,33470.0,206340.08,137560.06
101,102,2023,7,FUNDAMENTAL,LANCHE I (Tarde),33077,1,4.11,83494,343160.34,50096.0,33398.0,205896.2,137264.14
102,103,2023,7,FUNDAMENTAL,LANCHE II (Manhã),33078,1,4.13,13645,56353.85,8187.0,5458.0,33812.31,22541.54
103,104,2023,7,FUNDAMENTAL,LANCHE II (Tarde),33078,1,4.13,13369,55213.97,8021.0,5348.0,33128.38,22085.59
104,105,2023,7,FUNDAMENTAL,LANCHE II (Manhã/não-PNAE),33078,1,4.13,580,2395.4,348.0,232.0,1437.24,958.16
105,106,2023,7,FUNDAMENTAL,LANCHE II (Tarde/não-PNAE),33078,1,4.13,668,2758.84,401.0,267.0,1655.3,1103.54
106,107,2023,7,FUNDAMENTAL,LANCHE IV (Noite/não-PNAE) ,33080,1,4.77,90,429.3,54.0,36.0,257.58,171.72
107,108,2023,7,FUNDAMENTAL,LANCHE II (Noite II/não-PNAE) ,33078,1,4.13,132,545.16,79.0,53.0,327.1,218.06
108,109,2023,7,EJA,LANCHE IV (Noite) ,33080,1,4.77,10878,51888.06,6527.0,4351.0,31132.84,20755.22
109,110,2023,7,ESCOLA INTEGRAL,LANCHE II (M),33078,1,4.13,1738,7177.94,1043.0,695.0,4306.76,2871.18
110,111,2023,7,ESCOLA INTEGRAL,LANCHE II (T),33078,1,4.13,1437,5934.81,862.0,575.0,3560.89,2373.92
111,112,2023,7,ESCOLA INTEGRAL,LANCHE IV (M),33080,1,4.77,20776,99101.52,12466.0,8310.0,59460.91,39640.61
112,113,2023,7,ESCOLA INTEGRAL,LANCHE IV (T),33080,1,4.77,18632,88874.64,11179.0,7453.0,53324.78,35549.86
113,114,2023,7,ESCOLA INTEGRAL,LANCHE V (Almoço) ,33081,1,5.18,22948,118870.64,13769.0,9179.0,71322.38,47548.26
114,115,2023,7,CRECHES,LANCHE VII (Café da Manhã),33094,1,4.06,4811,19532.66,2887.0,1924.0,11719.6,7813.06
115,116,2023,7,CRECHES,LANCHE VIII (Lanche Manhã),33095,1,4.1,5366,22000.6,3220.0,2146.0,13200.36,8800.24
116,117,2023,7,CRECHES,LANCHE IX (Almoço),33096,1,4.88,5366,26186.08,3220.0,2146.0,15711.65,10474.43
117,118,2023,7,CRECHES,LANCHE VIII (Lanche Tarde),33095,1,4.1,5366,22000.6,3220.0,2146.0,13200.36,8800.24
118,119,2023,7,CRECHES,LANCHE X (Jantar),33097,1,4.29,5366,23020.14,3220.0,2146.0,13812.08,9208.06
119,120,2023,7,CRECHES,LANCHE XI (Berçário),33098,1,4.91,128,628.48,77.0,51.0,377.09,251.39
120,121,2023,6,FUNDAMENTAL,LANCHE I (Manhã),33077,1,3.93,210670,827933.1,126402.0,84268.0,496759.86,331173.24
121,122,2023,6,FUNDAMENTAL,LANCHE I (Tarde),33077,1,3.93,218451,858512.43,131071.0,87380.0,515107.46,343404.97
122,123,2023,6,FUNDAMENTAL,LANCHE II (Manhã),33078,1,3.95,31600,124820.0,18960.0,12640.0,74892.0,49928.0
123,124,2023,6,FUNDAMENTAL,LANCHE II (Tarde),33078,1,3.95,30585,120810.75,18351.0,12234.0,72486.45,48324.3
124,125,2023,6,FUNDAMENTAL,LANCHE II (Manhã/não-PNAE),33078,1,3.95,2410,9519.5,1446.0,964.0,5711.7,3807.8
125,126,2023,6,FUNDAMENTAL,LANCHE II (Tarde/não-PNAE),33078,1,3.95,3689,14571.55,2213.0,1476.0,8742.93,5828.62
126,127,2023,6,FUNDAMENTAL,LANCHE IV (Noite/não-PNAE) ,33080,1,4.56,1295,5905.2,777.0,518.0,3543.12,2362.08
127,128,2023,6,FUNDAMENTAL,LANCHE II (Noite II/não-PNAE) ,33078,1,3.95,782,3088.9,469.0,313.0,1853.34,1235.56
128,129,2023,6,EJA,LANCHE IV (Noite) ,33080,1,4.56,31024,141469.44,18614.0,12410.0,84881.66,56587.78
129,130,2023,6,ESCOLA INTEGRAL,LANCHE II (M),33078,1,3.95,2898,11447.1,1739.0,1159.0,6868.26,4578.84
130,131,2023,6,ESCOLA INTEGRAL,LANCHE II (T),33078,1,3.95,3017,11917.15,1810.0,1207.0,7150.29,4766.86
131,132,2023,6,ESCOLA INTEGRAL,LANCHE IV (M),33080,1,4.56,46361,211406.16,27817.0,18544.0,126843.7,84562.46
132,133,2023,6,ESCOLA INTEGRAL,LANCHE IV (T),33080,1,4.56,44622,203476.32,26773.0,17849.0,122085.79,81390.53
133,134,2023,6,ESCOLA INTEGRAL,LANCHE V (Almoço) ,33081,1,4.95,54069,267641.55,32441.0,21628.0,160584.93,107056.62
134,135,2023,6,CRECHES,LANCHE VII (Café da Manhã),33094,1,3.88,10440,40507.2,6264.0,4176.0,24304.32,16202.88
135,136,2023,6,CRECHES,LANCHE VIII (Lanche Manhã),33095,1,3.92,11465,44942.8,6879.0,4586.0,26965.68,17977.12
136,137,2023,6,CRECHES,LANCHE IX (Almoço),33096,1,4.66,11465,53426.9,6879.0,4586.0,32056.14,21370.76
137,138,2023,6,CRECHES,LANCHE VIII (Lanche Tarde),33095,1,3.92,11635,45609.2,6981.0,4654.0,27365.52,18243.68
138,139,2023,6,CRECHES,LANCHE X (Jantar),33097,1,4.1,11395,46719.5,6837.0,4558.0,28031.7,18687.8
139,140,2023,6,CRECHES,LANCHE XI (Berçário),33098,1,4.69,320,1500.8,192.0,128.0,900.48,600.32
140,141,2023,5,FUNDAMENTAL,LANCHE I (Manhã),33077,1,3.93,235083,923876.19,141050.0,94033.0,554325.71,369550.48
141,142,2023,5,FUNDAMENTAL,LANCHE I (Tarde),33077,1,3.93,226413,889803.09,135848.0,90565.0,533881.85,355921.24
142,143,2023,5,FUNDAMENTAL,LANCHE II (Manhã),33078,1,3.95,35757,141240.15,21454.0,14303.0,84744.09,56496.06
143,144,2023,5,FUNDAMENTAL,LANCHE II (Tarde),33078,1,3.95,32850,129757.5,19710.0,13140.0,77854.5,51903.0
144,145,2023,5,FUNDAMENTAL,LANCHE II (Manhã/não-PNAE),33078,1,3.95,2975,11751.25,1785.0,1190.0,7050.75,4700.5
145,146,2023,5,FUNDAMENTAL,LANCHE II (Tarde/não-PNAE),33078,1,3.95,3848,15199.6,2309.0,1539.0,9119.76,6079.84
146,147,2023,5,FUNDAMENTAL,LANCHE IV (Noite/não-PNAE) ,33080,1,4.56,1594,7268.64,956.0,638.0,4361.18,2907.46
147,148,2023,5,EJA,LANCHE IV (Noite) ,33080,1,4.56,32647,148870.32,19588.0,13059.0,89322.19,59548.13
148,149,2023,5,ESCOLA INTEGRAL,LANCHE II (M),33078,1,3.95,3521,13907.95,2113.0,1408.0,8344.77,5563.18
149,150,2023,5,ESCOLA INTEGRAL,LANCHE II (T),33078,1,3.95,3280,12956.0,1968.0,1312.0,7773.6,5182.4
150,151,2023,5,ESCOLA INTEGRAL,LANCHE IV (M),33080,1,4.56,52185,237963.6,31311.0,20874.0,142778.16,95185.44
151,152,2023,5,ESCOLA INTEGRAL,LANCHE IV (T),33080,1,4.56,43652,199053.12,26191.0,17461.0,119431.87,79621.25
152,153,2023,5,ESCOLA INTEGRAL,LANCHE V (Almoço) ,33081,1,4.95,59585,294945.75,35751.0,23834.0,176967.45,117978.3
153,154,2023,5,CRECHES,LANCHE VII (Café da Manhã),33094,1,3.88,10637,41271.56,6382.0,4255.0,24762.94,16508.62
154,155,2023,5,CRECHES,LANCHE VIII (Lanche Manhã),33095,1,3.92,12421,48690.32,7453.0,4968.0,29214.19,19476.13
155,156,2023,5,CRECHES,LANCHE IX (Almoço),33096,1,4.66,12421,57881.86,7453.0,4968.0,34729.12,23152.74
156,157,2023,5,CRECHES,LANCHE VIII (Lanche Tarde),33095,1,3.92,12410,48647.2,7446.0,4964.0,29188.32,19458.88
157,158,2023,5,CRECHES,LANCHE X (Jantar),33097,1,4.1,12146,49798.6,7288.0,4858.0,29879.16,19919.44
158,159,2023,5,CRECHES,LANCHE XI (Berçário),33098,1,4.69,352,1650.88,211.0,141.0,990.53,660.35
159,160,2023,4,FUNDAMENTAL,LANCHE I (Manhã),33077,1,3.93,164881,647982.33,98929.0,65952.0,388789.4,259192.93
160,161,2023,4,FUNDAMENTAL,LANCHE I (Tarde),33077,1,3.93,165904,652002.72,99542.0,66362.0,391201.63,260801.09
161,162,2023,4,FUNDAMENTAL,LANCHE II (Manhã),33078,1,3.95,24248,95779.6,14549.0,9699.0,57467.76,38311.84
162,163,2023,4,FUNDAMENTAL,LANCHE II (Tarde),33078,1,3.95,22238,87840.1,13343.0,8895.0,52704.06,35136.04
163,164,2023,4,FUNDAMENTAL,LANCHE II (Manhã/não-PNAE),33078,1,3.95,1920,7584.0,1152.0,768.0,4550.4,3033.6
164,165,2023,4,FUNDAMENTAL,LANCHE II (Tarde/não-PNAE),33078,1,3.95,2105,8314.75,1263.0,842.0,4988.85,3325.9
165,166,2023,4,FUNDAMENTAL,LANCHE IV (Noite/não-PNAE) ,33080,1,4.56,867,3953.52,520.0,347.0,2372.11,1581.41
166,167,2023,4,EJA,LANCHE IV (Noite) ,33080,1,4.56,24088,109841.28,14453.0,9635.0,65904.77,43936.51
167,168,2023,4,ESCOLA INTEGRAL,LANCHE II (M),33078,1,3.95,2009,7935.55,1205.0,804.0,4761.33,3174.22
168,169,2023,4,ESCOLA INTEGRAL,LANCHE II (T),33078,1,3.95,2049,8093.55,1229.0,820.0,4856.13,3237.42
169,170,2023,4,ESCOLA INTEGRAL,LANCHE IV (M),33080,1,4.56,33866,154428.96,20320.0,13546.0,92657.38,61771.58
170,171,2023,4,ESCOLA INTEGRAL,LANCHE IV (T),33080,1,4.56,28204,128610.24,16922.0,11282.0,77166.14,51444.1
171,172,2023,4,ESCOLA INTEGRAL,LANCHE V (Almoço) ,33081,1,4.95,38470,190426.5,23082.0,15388.0,114255.9,76170.6
172,173,2023,4,CRECHES,LANCHE VII (Café da Manhã),33094,1,3.88,7649,29678.12,4589.0,3060.0,17806.87,11871.25
173,174,2023,4,CRECHES,LANCHE VIII (Lanche Manhã),33095,1,3.92,9052,35483.84,5431.0,3621.0,21290.3,14193.54
174,175,2023,4,CRECHES,LANCHE IX (Almoço),33096,1,4.66,9052,42182.32,5431.0,3621.0,25309.39,16872.93
175,176,2023,4,CRECHES,LANCHE VIII (Lanche Tarde),33095,1,3.92,9012,35327.04,5407.0,3605.0,21196.22,14130.82
176,177,2023,4,CRECHES,LANCHE X (Jantar),33097,1,4.1,8808,36112.8,5285.0,3523.0,21667.68,14445.12
177,178,2023,4,CRECHES,LANCHE XI (Berçário),33098,1,4.69,272,1275.68,163.0,109.0,765.41,510.27
178,179,2023,3,FUNDAMENTAL,LANCHE I (Manhã),33077,1,3.93,215182,845665.26,129109.0,86073.0,507399.16,338266.1
179,180,2023,3,FUNDAMENTAL,LANCHE I (Tarde),33077,1,3.93,221310,869748.3,132786.0,88524.0,521848.98,347899.32
180,181,2023,3,FUNDAMENTAL,LANCHE II (Manhã),33078,1,3.95,33657,132945.15,20194.0,13463.0,79767.09,53178.06
181,182,2023,3,FUNDAMENTAL,LANCHE II (Tarde),33078,1,3.95,32740,129323.0,19644.0,13096.0,77593.8,51729.2
182,183,2023,3,FUNDAMENTAL,LANCHE VI (Almoço) ,33082,1,4.95,0,0.0,0.0,0.0,0.0,0.0
183,184,2023,3,FUNDAMENTAL,LANCHE II (Manhã/não-PNAE),33078,1,3.95,2268,8958.6,1361.0,907.0,5375.16,3583.44
184,185,2023,3,FUNDAMENTAL,LANCHE II (Tarde/não-PNAE),33078,1,3.95,2659,10503.05,1595.0,1064.0,6301.83,4201.22
185,186,2023,3,FUNDAMENTAL,LANCHE IV (Noite/não-PNAE) ,33080,1,4.56,1240,5654.4,744.0,496.0,3392.64,2261.76
186,187,2023,3,EJA,LANCHE IV (Noite) ,33080,1,4.56,31770,144871.2,19062.0,12708.0,86922.72,57948.48
187,188,2023,3,ESCOLA INTEGRAL,LANCHE II (M),33078,1,3.95,2963,11703.85,1778.0,1185.0,7022.31,4681.54
188,189,2023,3,ESCOLA INTEGRAL,LANCHE II (T),33078,1,3.95,2443,9649.85,1466.0,977.0,5789.91,3859.94
189,190,2023,3,ESCOLA INTEGRAL,LANCHE IV (M),33080,1,4.56,43700,199272.0,26220.0,17480.0,119563.2,79708.8
190,191,2023,3,ESCOLA INTEGRAL,LANCHE IV (T),33080,1,4.56,41588,189641.28,24953.0,16635.0,113784.77,75856.51
191,192,2023,3,ESCOLA INTEGRAL,LANCHE V (Almoço) ,33081,1,4.95,49243,243752.85,29546.0,19697.0,146251.71,97501.14
192,193,2023,3,CRECHES,LANCHE VII (Café da Manhã),33094,1,3.88,5085,19729.8,3051.0,2034.0,11837.88,7891.92
193,194,2023,3,CRECHES,LANCHE VIII (Lanche Manhã),33095,1,3.92,5517,21626.64,3310.0,2207.0,12975.98,8650.66
194,195,2023,3,CRECHES,LANCHE IX (Almoço),33096,1,4.66,5517,25709.22,3310.0,2207.0,15425.53,10283.69
195,196,2023,3,CRECHES,LANCHE VIII (Lanche Tarde),33095,1,3.92,5508,21591.36,3305.0,2203.0,12954.82,8636.54
196,197,2023,3,CRECHES,LANCHE X (Jantar),33097,1,4.1,5436,22287.6,3262.0,2174.0,13372.56,8915.04
197,198,2023,3,CRECHES,LANCHE XI (Berçário),33098,1,4.69,336,1575.84,202.0,134.0,945.5,630.34
198,199,2023,2,FUNDAMENTAL,LANCHE I (Manhã),33077,1,3.93,151400,595002.0,90840.0,60560.0,357001.2,238000.8
199,200,2023,2,FUNDAMENTAL,LANCHE I (Tarde),33077,1,3.93,150741,592412.13,90445.0,60296.0,355447.28,236964.85
200,201,2023,2,FUNDAMENTAL,LANCHE II (Manhã),33078,1,3.95,23870,94286.5,14322.0,9548.0,56571.9,37714.6
201,202,2023,2,FUNDAMENTAL,LANCHE II (Tarde),33078,1,3.95,23370,92311.5,14022.0,9348.0,55386.9,36924.6
202,203,2023,2,FUNDAMENTAL,LANCHE IV (Noite) ,33080,1,4.56,0,0.0,0.0,0.0,0.0,0.0
203,204,2023,2,FUNDAMENTAL,LANCHE II (Manhã/não-PNAE),33078,1,3.95,650,2567.5,390.0,260.0,1540.5,1027.0
204,205,2023,2,FUNDAMENTAL,LANCHE II (Tarde/não-PNAE),33078,1,3.95,805,3179.75,483.0,322.0,1907.85,1271.9
205,206,2023,2,FUNDAMENTAL,LANCHE IV (Noite/não-PNAE) ,33080,1,4.56,0,0.0,0.0,0.0,0.0,0.0
206,207,2023,2,EJA,LANCHE IV (Noite) ,33080,1,4.56,20777,94743.12,12466.0,8311.0,56845.87,37897.25
207,208,2023,2,ESCOLA INTEGRAL,LANCHE II (M),33078,1,3.95,2240,8848.0,1344.0,896.0,5308.8,3539.2
208,209,2023,2,ESCOLA INTEGRAL,LANCHE II (T),33078,1,3.95,2100,8295.0,1260.0,840.0,4977.0,3318.0
209,210,2023,2,ESCOLA INTEGRAL,LANCHE IV (M),33080,1,4.56,29488,134465.28,17693.0,11795.0,80679.17,53786.11
210,211,2023,2,ESCOLA INTEGRAL,LANCHE IV (T),33080,1,4.56,28795,131305.2,17277.0,11518.0,78783.12,52522.08
211,212,2023,2,ESCOLA INTEGRAL,LANCHE V (Almoço) ,33081,1,4.95,32821,162463.95,19693.0,13128.0,97478.37,64985.58
212,213,2023,2,CRECHES,LANCHE VII (Café da Manhã),33094,1,3.88,637,2471.56,382.0,255.0,1482.94,988.62
213,214,2023,2,CRECHES,LANCHE VIII (Lanche Manhã),33095,1,3.92,637,2497.04,382.0,255.0,1498.22,998.82
214,215,2023,2,CRECHES,LANCHE IX (Almoço),33096,1,4.66,637,2968.42,382.0,255.0,1781.05,1187.37
215,216,2023,2,CRECHES,LANCHE VIII (Lanche Tarde),33095,1,3.92,546,2140.32,328.0,218.0,1284.19,856.13
216,217,2023,2,CRECHES,LANCHE X (Jantar),33097,1,4.1,546,2238.6,328.0,218.0,1343.16,895.44
217,218,2023,2,CRECHES,LANCHE XI (Berçário),33098,1,4.69,112,525.28,67.0,45.0,315.17,210.11
218,219,2023,1,FUNDAMENTAL,LANCHE I (Manhã),33077,1,3.93,9576,37633.68,5746.0,3830.0,22580.21,15053.47
219,220,2023,1,FUNDAMENTAL,LANCHE I (Tarde),33077,1,3.93,8588,33750.84,5153.0,3435.0,20250.5,13500.34
220,221,2023,1,FUNDAMENTAL,LANCHE II (Manhã),33078,1,3.95,4460,17617.0,2676.0,1784.0,10570.2,7046.8
221,222,2023,1,FUNDAMENTAL,LANCHE II (Tarde),33078,1,3.95,1930,7623.5,1158.0,772.0,4574.1,3049.4
222,223,2023,1,FUNDAMENTAL,LANCHE IV (Noite) ,33080,1,4.56,0,0.0,0.0,0.0,0.0,0.0
223,224,2023,1,FUNDAMENTAL,LANCHE II (Manhã/não-PNAE),33078,1,3.95,0,0.0,0.0,0.0,0.0,0.0
224,225,2023,1,FUNDAMENTAL,LANCHE II (Tarde/não-PNAE),33078,1,3.95,0,0.0,0.0,0.0,0.0,0.0
225,226,2023,1,FUNDAMENTAL,LANCHE IV (Noite/não-PNAE) ,33080,1,4.56,0,0.0,0.0,0.0,0.0,0.0
226,227,2023,1,EJA,LANCHE IV (Noite) ,33080,1,4.56,0,0.0,0.0,0.0,0.0,0.0
227,228,2023,1,ESCOLA INTEGRAL,LANCHE II (M),33078,1,3.95,280,1106.0,168.0,112.0,663.6,442.4
228,229,2023,1,ESCOLA INTEGRAL,LANCHE II (T),33078,1,3.95,0,0.0,0.0,0.0,0.0,0.0
229,230,2023,1,ESCOLA INTEGRAL,LANCHE IV (M),33080,1,4.56,3246,14801.76,1948.0,1298.0,8881.06,5920.7
230,231,2023,1,ESCOLA INTEGRAL,LANCHE IV (T),33080,1,4.56,2746,12521.76,1648.0,1098.0,7513.06,5008.7
231,232,2023,1,ESCOLA INTEGRAL,LANCHE V (Almoço) ,33081,1,4.95,2746,13592.7,1648.0,1098.0,8155.62,5437.08
232,233,2023,1,CRECHES,LANCHE VII (Café da Manhã),33094,1,3.88,0,0.0,0.0,0.0,0.0,0.0
233,234,2023,1,CRECHES,LANCHE VIII (Lanche Manhã),33095,1,3.92,0,0.0,0.0,0.0,0.0,0.0
234,235,2023,1,CRECHES,LANCHE IX (Almoço),33096,1,4.66,0,0.0,0.0,0.0,0.0,0.0
235,236,2023,1,CRECHES,LANCHE VIII (Lanche Tarde),33095,1,3.92,0,0.0,0.0,0.0,0.0,0.0
236,237,2023,1,CRECHES,LANCHE X (Jantar),33097,1,4.1,0,0.0,0.0,0.0,0.0,0.0
237,238,2023,1,CRECHES,LANCHE XI (Berçário),33098,1,4.69,0,0.0,0.0,0.0,0.0,0.0
